{
	"name": "create views",
	"properties": {
		"content": {
			"query": "--Calendar\n\nCREATE VIEW gold.calendar\nAS\nSELECT \n    * \nFROM OPENROWSET\n    (\n    BULK 'https://awprojectasr.dfs.core.windows.net/silver/AdventureWorks_Calendar/',\n    FORMAT='PARQUET'\n    ) as QUER1\n\n--Customers\n\nCREATE VIEW gold.customers\nAS\nSELECT \n    * \nFROM \n    OPENROWSET\n        (\n            BULK 'https://awstoragedatalake.dfs.core.windows.net/silver/AdventureWorks_Customers/',\n            FORMAT = 'PARQUET'\n        ) as QUER1\n\n\n\n------------------------\n-- CREATE VIEW PRODUCTS\n------------------------\nCREATE VIEW gold.products\nAS\nSELECT \n    * \nFROM \n    OPENROWSET\n        (\n            BULK 'https://awprojectasr.dfs.core.windows.net/silver/AdventureWorks_Products/',\n            FORMAT = 'PARQUET'\n        ) as QUER1\n\n\n------------------------\n-- CREATE VIEW RETURNS\n------------------------\nCREATE VIEW gold.returns\nAS\nSELECT \n    * \nFROM \n    OPENROWSET\n        (\n            BULK 'https://awprojectasr.dfs.core.windows.net/silver/AdventureWorks_Returns/',\n            FORMAT = 'PARQUET'\n        ) as QUER1\n        \n\n------------------------\n-- CREATE VIEW RETURNS\n------------------------\nCREATE VIEW gold.productcategories\nAS\nSELECT \n    * \nFROM \n    OPENROWSET\n        (\n            BULK 'https://awprojectasr.dfs.core.windows.net/silver/AdventureWorks_Product_Categories/',\n            FORMAT = 'PARQUET'\n        ) as QUER1\n\n\n    ------------------------\n-- CREATE VIEW SALES\n------------------------\nCREATE VIEW gold.sales\nAS\nSELECT \n    * \nFROM \n    OPENROWSET\n        (\n            BULK 'https://awprojectasr.dfs.core.windows.net/silver/AdventureWorks_Sales/',\n            FORMAT = 'PARQUET'\n        ) as QUER1\n\n\n------------------------\n-- CREATE VIEW SUBCAT\n------------------------\nCREATE VIEW gold.subcat\nAS\nSELECT \n    * \nFROM \n    OPENROWSET\n        (\n            BULK 'https://awprojectasr.dfs.core.windows.net/silver/Product_Subcategories/',\n            FORMAT = 'PARQUET'\n        ) as QUER1\n\n\n\n------------------------\n-- CREATE VIEW TERRITORIES\n------------------------\nCREATE VIEW gold.territories\nAS\nSELECT \n    * \nFROM \n    OPENROWSET\n        (\n            BULK 'https://awprojectasr.dfs.core.windows.net/silver/AdventureWorks_Territories/',\n            FORMAT = 'PARQUET'\n        ) as QUER1\n\n\n",
			"metadata": {
				"language": "sql"
			},
			"currentConnection": {
				"databaseName": "awdatabase",
				"poolName": "Built-in"
			},
			"resultLimit": 5000
		},
		"type": "SqlQuery"
	}
}