{
	"name": "external table",
	"properties": {
		"content": {
			"query": "CREATE MASTER KEY ENCRYPTION BY PASSWORD='password@123'\n-----\nCREATE DATABASE SCOPED CREDENTIAL cred_asr\nWITH\n    IDENTITY='Managed Identity'\n\n-----\nCREATE EXTERNAL DATA SOURCE src_silver\nWITH(\n    LOCATION = 'https://awprojectasr.dfs.core.windows.net/silver',\n    CREDENTIAL=cred_asr\n)\n-----\nCREATE EXTERNAL DATA SOURCE src_gold\nWITH(\n    LOCATION = 'https://awprojectasr.dfs.core.windows.net/gold',\n    CREDENTIAL=cred_asr\n)\n\n-----\nCREATE EXTERNAL FILE FORMAT format_parquet\nWITH(\n    FORMAT_TYPE=PARQUET,\n    DATA_COMPRESSION='org.apache.hadoop.io.compress.SnappyCodec'\n)\n-----\n--extenal sales\n\nCREATE EXTERNAL TABLE gold.extsales\nWITH(\n    LOCATION='extsales',\n    DATA_SOURCE=src_gold,\n    FILE_FORMAT=format_parquet\n)\nAS\nSELECT * FROM gold.sales\n\nSELECT * FROM gold.extsales",
			"metadata": {
				"language": "sql"
			},
			"currentConnection": {
				"databaseName": "awdatabase",
				"poolName": "Built-in"
			},
			"resultLimit": 5000
		},
		"type": "SqlQuery"
	}
}