{
	"name": "snapse-asr-aw-WorkspaceDefaultSqlServer",
	"type": "Microsoft.Synapse/workspaces/linkedservices",
	"properties": {
		"typeProperties": {
			"connectionString": "Data Source=tcp:snapse-asr-aw.sql.azuresynapse.net,1433;Initial Catalog=@{linkedService().DBName}"
		},
		"parameters": {
			"DBName": {
				"type": "String"
			}
		},
		"type": "AzureSqlDW",
		"connectVia": {
			"referenceName": "AutoResolveIntegrationRuntime",
			"type": "IntegrationRuntimeReference"
		},
		"annotations": []
	}
}