{
    "$schema": "https://schema.management.azure.com/schemas/2015-01-01/deploymentParameters.json#",
    "contentVersion": "1.0.0.0",
    "parameters": {
        "vulnerabilityAssessments_Default_storageContainerPath": {
            "value": null
        },
        "workspaces_snapse_asr_aw_name": {
            "value": null
        },
        "workspaces_databricksaw_name": {
            "value": null
        },
        "storageAccounts_awprojectasr_name": {
            "value": null
        },
        "storageAccounts_defaultsynapseasr_name": {
            "value": null
        }
    }
}