{
	"name": "ds_gitSource",
	"properties": {
		"linkedServiceName": {
			"referenceName": "ls_git",
			"type": "LinkedServiceReference"
		},
		"parameters": {
			"p_rel_url": {
				"type": "String"
			}
		},
		"annotations": [],
		"type": "DelimitedText",
		"typeProperties": {
			"location": {
				"type": "HttpServerLocation",
				"relativeUrl": {
					"value": "@dataset().p_rel_url",
					"type": "Expression"
				}
			},
			"columnDelimiter": ",",
			"escapeChar": "\\",
			"firstRowAsHeader": true,
			"quoteChar": "\""
		},
		"schema": []
	},
	"type": "Microsoft.DataFactory/factories/datasets"
}