{
	"name": "ds_sink",
	"properties": {
		"linkedServiceName": {
			"referenceName": "ls_adls",
			"type": "LinkedServiceReference"
		},
		"parameters": {
			"p_sink_folder": {
				"type": "String"
			},
			"p_sink_file": {
				"type": "String"
			}
		},
		"annotations": [],
		"type": "DelimitedText",
		"typeProperties": {
			"location": {
				"type": "AzureBlobFSLocation",
				"fileName": {
					"value": "@dataset().p_sink_file",
					"type": "Expression"
				},
				"folderPath": {
					"value": "@dataset().p_sink_folder",
					"type": "Expression"
				},
				"fileSystem": "bronze"
			},
			"columnDelimiter": ",",
			"escapeChar": "\\",
			"firstRowAsHeader": true,
			"quoteChar": "\""
		},
		"schema": []
	},
	"type": "Microsoft.DataFactory/factories/datasets"
}